{
  "vertices": {
    "0": {
      "x": -0.6046779072864739,
      "y": 0.8253653666406319
    },
    "1": {
      "x": -0.2786778842648799,
      "y": -0.2267734575031108
    },
    "2": {
      "x": 0.8388787908159321,
      "y": -0.5737454607456627
    },
    "3": {
      "x": 0.019980970860575025,
      "y": -0.7178795738032202
    },
    "4": {
      "x": 0.020747474662269193,
      "y": 0.2969451133275654
    },
    "5": {
      "x": 0.039899066362347996,
      "y": 0.9748020547295294
    },
    "6": {
      "x": -0.6720379999734658,
      "y": -0.7687818978211126
    },
    "7": {
      "x": 0.9999999999999999,
      "y": 0.3956316920442941
    },
    "8": {
      "x": -0.7864658695063821,
      "y": 0.0235874043582439
    },
    "9": {
      "x": 0.42235335833007903,
      "y": -0.2291512412271575
    }
  },
  "edges": [
    [
      0,
      1
    ],
    [
      0,
      4
    ],
    [
      0,
      5
    ],
    [
      1,
      2
    ],
    [
      1,
      6
    ],
    [
      2,
      3
    ],
    [
      2,
      7
    ],
    [
      3,
      4
    ],
    [
      3,
      8
    ],
    [
      4,
      9
    ],
    [
      5,
      7
    ],
    [
      5,
      8
    ],
    [
      6,
      8
    ],
    [
      6,
      9
    ],
    [
      7,
      9
    ]
  ]
}